"Etudiants présents dans le fichier XML mais pas dans le cours"
"Code étudiant";Login;Nom;Prénom;Courriel;
21207658;mamirouc;AMIROUCHE;Amirouche;MAELLE;Maelle;maelle.amirouche@u-cergy.fr;
21201412;bangot;ANGOT;Angot;BRYCE;Bryce;bryce.angot@u-cergy.fr;
21001937;asarebav;"ASARE BAFFOUR";Asare-baffour;VANESSA;Vanessa;Vanessa.Asare-baffour@etu.u-cergy.fr;
21208010;cbellich;BELLICHA;Bellicha;CELIA;Celia;celia.bellicha@u-cergy.fr;
21206272;rbokokoj;"BOKOKO JOHNSON";"Bokoko Johnson";RIJOLE;Rijole;Rijole.Bokoko-Johnson@u-cergy.fr;
21201951;cattanj;CATTAN;Cattan;JULIEN;Julien;Julien.Cattan@etu.u-cergy.fr;
21517773;cannequi;ANNEQUIN;Annequin;CLAIRE;Claire;claire.annequin@etu.u-cergy.fr;
21520074;mbalossa;BALOSSA;Balossa;MARVIN;Marvin;marvin.balossa@etu.u-cergy.fr;
21518402;achahrok;CHAHROKNI;Chahrokni;ANAHITA;Anahita;anahita.chahrokni@etu.u-cergy.fr;
21522528;agomes1;GOMES;Gomes;ANAIS;Anais;anais.gomes@etu.u-cergy.fr;
21200346;marangew;MARANGE;Marange;WHITNEY;Whitney;Whitney.Marange@etu.u-cergy.fr;
21523198;rmerchad;MERCHADIER;Merchadier;ROSE;Rose;"rosemerchadier@gmail.com                                                                            ";
21503226;niakatem2;NIAKATE;Niakate;MARIAM;Mariam;Mariam.Niakate2@etu.u-cergy.fr;
21525781;foudaoud;OUDAOUD;Oudaoud;FOUDHIL;Foudhil;foudhil.oudaoud@etu.u-cergy.fr;
21200346;marangew;MARANGE;Marange;WHITNEY;Whitney;Whitney.Marange@etu.u-cergy.fr;
21526281;fferoui;FEROUI;Feroui;FARAH;Farah;farah.feroui@etu.u-cergy.fr;
21524956;cahoussa;AHOUSSA;Ahoussa;CAMILLE;Camille;camille.ahoussa@etu.u-cergy.fr;
21522139;jakchich;AKCHICHE;Akchiche;JASMINE;Jasmine;jasmine.akchiche@etu.u-cergy.fr;
21518581;lallouet;ALLOUET;Allouet;LUCILE;Lucile;lucile.allouet@etu.u-cergy.fr;
21522748;sanseur;ANSEUR;Anseur;SABRINA;Sabrina;sabrina.anseur@etu.u-cergy.fr;
21517525;vantoine;ANTOINE;Antoine;VALENTIN;Valentin;valentin.antoine@etu.u-cergy.fr;
21501960;avciy1;AVCI;Avci;YASIN;Yasin;Yasin.Avci1@etu.u-cergy.fr;
21520570;dazizi;AZIZI;Azizi;DOUNIA;Dounia;dounia.azizi@etu.u-cergy.fr;
21518947;hbagna;BAGNA;Bagna;HAIRAT;Hairat;hairat.bagna@etu.u-cergy.fr;
21519007;lbaniaki;BANIAKINA;Baniakina;LAURA;Laura;laura.baniakina@etu.u-cergy.fr;
21520871;dbeekand;BEEKANDT;Beekandt;DEBORAH;Deborah;deborah.beekandt@etu.u-cergy.fr;
21523327;fbenhame;BENHAMED;Benhamed;FEROUZE;Ferouze;ferouze.benhamed@etu.u-cergy.fr;
21524597;ybouayom;"BOUAYOM OGANDAGA";Bouayom-ogandaga;YVETTE;Yvette;yvette.bouayom-ogandaga@etu.u-cergy.fr;
21205682;boufkirs;BOUFKIR;Boufkir;SALOUA;Saloua;Saloua.Boufkir@etu.u-cergy.fr;
21202023;bousslas;BOUSSLAT;Bousslat;SOPHIA;Sophia;Sophia.Bousslat@etu.u-cergy.fr;
21519128;lboutroi;BOUTROIS;Boutrois;LOU;Lou;lou.boutrois@etu.u-cergy.fr;
21518045;lcalvoch;"CALVO CHILLOUX";Calvo-chilloux;LUCAS;Lucas;lucas.calvo-chilloux@etu.u-cergy.fr;
21522025;hcamara;CAMARA;Camara;HAWA;Hawa;H.camara@hotmail.fr;
21521510;mcambron;CAMBRONE;Cambrone;MARVIN;Marvin;marvin.cambrone@etu.u-cergy.fr;
21517389;acarvalh1;CARVALHO;Carvalho;ANASTASIA;Anastasia;anastasia.carvalho1@etu.u-cergy.fr;
21525477;rchacha;CHACHA;Chacha;RACHID;Rachid;rachid.chacha@etu.u-cergy.fr;
21522222;schefira;CHEFIRAT;Chefirat;SARAH;Sarah;sarah.chefirat@etu.u-cergy.fr;
21522386;mchevall1;CHEVALLIER;Chevallier;MARTIN;Martin;martin.chevallier1@etu.u-cergy.fr;
21524308;oclodine;CLODINE-FLORENT;Clodine-florent;OCEANE;Oceane;oceane.clodine-florent@etu.u-cergy.fr;
21517980;acomte;COMTE;Comte;ARTHUR;Arthur;arthur.comte@etu.u-cergy.fr;
21519248;mcouliba;COULIBALY;Coulibaly;MYRIAM;Myriam;myriam.coulibaly@etu.u-cergy.fr;
21522722;adahlal;DAHLAL;Dahlal;ANAIS;Anais;anais.dahlal@etu.u-cergy.fr;
21527211;adarassa;DARASSAS;Darassas;ANIS;Anis;anis.darassas@etu.u-cergy.fr;
21523034;adecarva;"DE CARVALHO";De-carvalho;ALEXIS;Alexis;alexis.de-carvalho@etu.u-cergy.fr;
21520388;sdemiran;"DE MIRANDA";De-miranda;SOPHIE;Sophie;sophie.de-miranda@etu.u-cergy.fr;
21522078;ddiaby;DIABY;Diaby;DIOUNGOUNDA;Dioungounda;dioungounda.diaby@etu.u-cergy.fr;
21522581;mdogan;DOGAN;Dogan;MUGE;Muge;muge.dogan@etu.u-cergy.fr;
21523204;yelfazza;"EL FAZZAOUI";El-fazzaoui;YASMINA;Yasmina;yasmina.el-fazzaoui@etu.u-cergy.fr;
21524452;celferkh;"EL FERKH";El-ferkh;CHAFICA;Chafica;chafica.el-ferkh@etu.u-cergy.fr;
21520082;aelmonhi;"EL MONHIM";El-monhim;ASMA;Asma;asma.el-monhim@etu.u-cergy.fr;
21526139;kfernand;FERNANDES;Fernandes;KEVIN;Kevin;kevin.fernandes@etu.u-cergy.fr;
21518659;cfernand1;FERNANDEZ;Fernandez;CLAIRE;Claire;claire.fernandez1@etu.u-cergy.fr;
21525611;mfleurin;"FLEURINE SAINT-VIL";"Fleurine Saint-vil";MARITZA;Maritza;maritza.fleurine-saint-vil@etu.u-cergy.fr;
21519317;gfondja;FONDJA;Fondja;GENEVIEVE;Genevieve;Diana.du-78@hotmail.fr;
21520587;mfortin2;FORTIN;Fortin;MARGOT;Margot;margot.fortin2@etu.u-cergy.fr;
21519564;sgandega;GANDEGA;Gandega;SADIO;Sadio;sadio.gandega@etu.u-cergy.fr;
21525652;rgarbaa;GARBAA;Garbaa;RAHMA;Rahma;rahma.garbaa@etu.u-cergy.fr;
21507908;gonczarv;GONCZARUK;Gonczaruk;VICTOR;Victor;Victor.Gonczaruk@etu.u-cergy.fr;
21517177;lgrouard;GROUARD;Grouard;LUKAS;Lukas;lukas.grouard@etu.u-cergy.fr;
21517906;oguellec;GUELLEC;Guellec;OCEANE;Oceane;oceane.guellec@etu.u-cergy.fr;
21525520;cgueuti;GUEUTI;Gueuti;CELIA;Celia;celia.gueuti@etu.u-cergy.fr;
21522547;shadjaz;HADJAZ;Hadjaz;SAMIA;Samia;samia.hadjaz@etu.u-cergy.fr;
21517738;mherrero;HERRERO;Herrero;MATHILDE;Mathilde;mathilde.herrero@etu.u-cergy.fr;
21524757;bhertoux;HERTOUX;Hertoux;BARBARA;Barbara;barbara.hertoux@etu.u-cergy.fr;
21521852;ahumez;HUMEZ;Humez;ANGELINE;Angeline;"angeline.suzanne.eliane@gmail.com                                                                   ";
21520415;kjaffal;JAFFAL;Jaffal;KHADIJA;Khadija;la_tunisienne_92@hotmail.fr;
21518815;yjuston;JUSTON;Juston;YOANN;Yoann;yoann.juston@etu.u-cergy.fr;
21522154;dkamara;KAMARA;Kamara;DIARRITOU;Diarritou;diarritou.kamara@etu.u-cergy.fr;
21522065;akhasbul;KHASBULATOVA;Khasbulatova;AMINA;Amina;amina.khasbulatova@etu.u-cergy.fr;
21525249;zkilinc;KILINC;Kilinc;ZEYNEP;Zeynep;zeynep.kilinc@etu.u-cergy.fr;
21522544;mlabruge;LABRUGERE;Labrugere;MEGANE;Megane;"m.labrugere@gmail.com                                                                               ";
21205022;lofl;LOF;Lof;LINFORD;Linford;Linford.Lof@etu.u-cergy.fr;
21524345;mlucas;LUCAS;Lucas;MELANIE;Melanie;melanie.lucas@etu.u-cergy.fr;
21007711;magniezt;MAGNIEZ;Magniez;THIBAUD;Thibaud;Thibaud.Magniez@etu.u-cergy.fr;
21524747;amaiga1;MAIGA;Maiga;ABDOULAYE;Abdoulaye;abdoulaye.maiga1@etu.u-cergy.fr;
21503770;makaloud;MAKALOU;Makalou;DIOCOUNDA;Diocounda;Diacounda.Makalou@etu.u-cergy.fr;
21509770;makebema;MAKEBEMBA-MAKEKE;Makebemba-makeke;ANDREA;Andrea;Andrea.Makebemba-makeke@etu.u-cergy.fr;
21524197;nmakomab;"MAKOMA BIBILA";"Makoma Bibila";NAURA;Naura;naura.makoma-bibila@etu.u-cergy.fr;
21524040;emarguer;MARGUERITE;Marguerite;ELODIE;Elodie;elodie.marguerite@etu.u-cergy.fr;
21520620;-;MARTINEZ;Martinez;JULIEN;Julien;julien.martinez@etu.u-cergy.fr;
21525370;cmassard;MASSARD;Massard;CLEMENT;Clement;clement.massard@etu.u-cergy.fr;
21526553;fmohamad;MOHAMAD;Mohamad;FREDERIC;Frederic;frederic.mohamad@etu.u-cergy.fr;
21525374;jmohamed;MOHAMED;Mohamed;JAINOUDEEN;Jainoudeen;jainoudeen.mohamed@etu.u-cergy.fr;
21503582;mzecheid;"MZE CHEIKH";Mze-cheikh;DJAFFAR;Djaffar;Djaffar.Mze-cheikh@etu.u-cergy.fr;
21523341;analiali;NALIALI;Naliali;AUDREY;Audrey;audrey.naliali@etu.u-cergy.fr;
21525642;cngamba;NGAMBA;Ngamba;CLAUDIANIE;Claudianie;claudianie.ngamba@etu.u-cergy.fr;
21525555;mnormand;NORMAND;Normand;MATHILDE;Mathilde;mathilde.normand@etu.u-cergy.fr;
21523469;rntumba;NTUMBA;Ntumba;RUDY;Rudy;"rudy.ntumba@gmail.com                                                                               ";
21522682;anwokoye;NWOKOYE;Nwokoye;ALEXIS;Alexis;d_drums@hotmail.fr;
21504509;peuxb;PEUX;Peux;"BEBY DORLYS";Beby-dorlys;Beby-dorlys.Peux@etu.u-cergy.fr;
21502136;picoum;PICOU;Picou;MELANIE;Melanie;Melanie.Picou@etu.u-cergy.fr;
21517574;npinheir;"PINHEIRO MOURA";Pinheiro-moura;NICOLAS;Nicolas;nicolas.pinheiro-moura@etu.u-cergy.fr;
21525199;nrakotoz;RAKOTOZAFY;Rakotozafy;NANCY;Nancy;nancy.rakotozafy@etu.u-cergy.fr;
21517807;eramadan;RAMADAN;Ramadan;ENZO;Enzo;enzo.ramadan@etu.u-cergy.fr;
21521974;bravicha;RAVICHANDRAN;Ravichandran;BANUPRIYA;Banupriya;banupriya.ravichandran@etu.u-cergy.fr;
21517348;mraymond;RAYMOND;Raymond;MARIE;Marie;marie.raymond@etu.u-cergy.fr;
21508546;reziguiy;REZIGUI;Rezigui;YACINE;Yacine;Yacine.Rezigui@etu.u-cergy.fr;
21519861;jrhobins;RHOBINSON;Rhobinson;JASON;Jason;jason.rhobinson@etu.u-cergy.fr;
21524775;mrobison;ROBISON;Robison;MARC;Marc;marc.robison@etu.u-cergy.fr;
21517891;lrota;ROTA;Rota;LOUIS;Louis;louis.rota@etu.u-cergy.fr;
21522887;jrouault;ROUAULT;Rouault;JEAN-BASTIEN;Jean-bastien;jean-bastien.rouault@etu.u-cergy.fr;
21518062;csaluzzo;SALUZZO;Saluzzo;CECILE;Cecile;cecile.saluzzo@etu.u-cergy.fr;
21511502;savocab;SAVOCA;Savoca;BRENDA;Brenda;Brenda.Savoca@etu.u-cergy.fr;
21520764;lsebaoun;SEBAOUN--TILLAUD;Sebaoun--tillaud;LORENE;Lorene;lorene.sebaoun--tillaud@etu.u-cergy.fr;
21522369;yselva;SELVA;Selva;YANNICK;Yannick;yannick.selva@etu.u-cergy.fr;
21520776;asingama;SINGAMALUM;Singamalum;AURELIA;Aurelia;aurelia.singamalum@etu.u-cergy.fr;
21524543;msissoko;SISSOKO;Sissoko;MARIAM;Mariam;mariam.sissoko@etu.u-cergy.fr;
21520011;dsoares;SOARES;Soares;DAVID;David;david.soares@etu.u-cergy.fr;
21522527;msoria;SORIA;Soria;MARGAUX;Margaux;"margaux.soria@hotmail.fr                                                                            ";
21508468;sowa1;SOW;Sow;AMINATA;Aminata;Aminata.Sow1@etu.u-cergy.fr;
21519903;ntiane;TIANE;Tiane;NISRINE;Nisrine;nisrine.tiane@etu.u-cergy.fr;
21521388;htimerab;TIMERA-BARRY;Timera-barry;HAWA;Hawa;hawa.timera-barry@etu.u-cergy.fr;
21519962;mtliba;TLIBA;Tliba;MAROUA;Maroua;maroua.tliba@etu.u-cergy.fr;
21523526;atomanag;TOMANAGA-GLELE;Tomanaga-glele;ANAELLE;Anaelle;anaelle.tomanaga-glele@etu.u-cergy.fr;
21517882;stomo;TOMO;Tomo;SHANICE;Shanice;shanice.tomo@etu.u-cergy.fr;
21503162;trouillk;TROUILLOT;Trouillot;KAEL;Kael;Kael.Trouillot@etu.u-cergy.fr;
21518381;svelasqu;"VELASQUEZ CARDONA";Velasquez-cardona;SARAH;Sarah;sarah.velasquez-cardona@etu.u-cergy.fr;
21518540;cvilanov;VILANOVA;Vilanova;CECILE;Cecile;cecile.vilanova@etu.u-cergy.fr;
21519719;kyahiaou;YAHIAOUI;Yahiaoui;KENZA;Kenza;kenza.yahiaoui@etu.u-cergy.fr;
21517462;dyaouanq;YAOUANQ;Yaouanq;DENIS;Denis;denis.yaouanq@etu.u-cergy.fr;
21504247;zaouik;ZAOUI;Zaoui;KAIN;Kain;Kain.Zaoui@etu.u-cergy.fr;
21524868;mboudhai;BOUDHAIMI;Boudhaimi;MONA;Mona;mona.boudhaimi@etu.u-cergy.fr;
21525507;tgassama;GASSAMA;Gassama;TIGUIDANKE;Tiguidanke;tiguidanke.gassama@etu.u-cergy.fr;
21524607;akeita1;KEITA;Keita;ABDOURAHAMANE;Abdourahamane;abdourahamane.keita1@etu.u-cergy.fr;
21524656;sloussal;LOUSSAL;Loussal;SOFIA;Sofia;sofia.loussal@etu.u-cergy.fr;
21523341;analiali;NALIALI;Naliali;AUDREY;Audrey;audrey.naliali@etu.u-cergy.fr;
21500514;lane;ANE;Ane;LEO;Leo;leo.ane@u-cergy.fr;
21206013;bijum;BIJU;Biju;MATEO;Mateo;Mateo.Biju@etu.u-cergy.fr;
21500590;bonnarda1;BONNARDOT;Bonnardot;AVRIL;Avril;Avril.Bonnardot1@etu.u-cergy.fr;
21201877;bouabidz;BOUABIDI;Bouabidi;ZINABE;Zinabe;Zinabe.Bouabidi@etu.u-cergy.fr;
21204927;boucherl1;BOUCHER;Boucher;LAUANE;Lauane;Lauane.Boucher1@etu.u-cergy.fr;
21104823;boulmaal;BOULMAALI;Boulmaali;LOTFI;Lotfi;Lotfi.Boulmaali@etu.u-cergy.fr;
21501941;bourdeau;BOURDEAU;Bourdeau;ULYSSE;Ulysse;Ulysse.Bourdeau@etu.u-cergy.fr;
20801888;daouilg;DAOUILY;Daouily;GAELLE;Gaelle;Gaelle.Daouily@etu.u-cergy.fr;
21201903;delaunam1;DELAUNAY;Delaunay;MELISSA;Melissa;Melissa.Delaunay1@etu.u-cergy.fr;
21502103;mdisarbo;DISARBOIS;Disarbois;MATHILDE;Mathilde;mathilde.disarbois@u-cergy.fr;
20802308;emmanua;EMMANUEL;Emmanuel;ALEXANDRA;Alexandra;Alexandra.Emmanuel@etu.u-cergy.fr;
21208013;hfaryad;FARYAD;Faryad;HINA;Hina;hina.faryad@u-cergy.fr;
21526281;fferoui;FEROUI;Feroui;FARAH;Farah;farah.feroui@etu.u-cergy.fr;
21204015;fourela;FOUREL;Fourel;ALISON;Alison;Alison.Fourel@etu.u-cergy.fr;
21206172;gauberta;GAUBERT;Gaubert;ALEXANDRA;Alexandra;Alexandra.Gaubert@etu.u-cergy.fr;
21203095;gouzem;GOUZE;Gouze;MANON;Manon;Manon.Gouze@etu.u-cergy.fr;
21201874;houman;HOUMA;Houma;NAFISSATOU;Nafissatou;Nafissatou.Houma@etu.u-cergy.fr;
21503152;hoypierm;HOYPIERRES;Hoypierres;MATHILDE;Mathilde;Mathilde.Hoypierres@etu.u-cergy.fr;
21201082;itombai;ITOMBA;Itomba;INES;Ines;Ines.Itomba@etu.u-cergy.fr;
21500549;krupao;KRUPA;Krupa;OLIWIA;Oliwia;Oliwia.Krupa@etu.u-cergy.fr;
21203091;macalouf;MACALOU;Macalou;FATOUMATA;Fatoumata;Fatoumata.Macalou@etu.u-cergy.fr;
21501883;mpintomu;"MARTINEZ DE LA TORRE";"Martinez De La Torre";MALVINA;Malvina;malvina.pinto-mujica@u-cergy.fr;
21204674;mayerl;MAYER;Mayer;LUDIVINE;Ludivine;Ludivine.Mayer@etu.u-cergy.fr;
21200166;melenduv;MELENDUGNO;Melendugno;VICTORIA;Victoria;Victoria.Melendugno@etu.u-cergy.fr;
21202413;moural;MOURA;Moura;LAURA;Laura;MouraLaura@hotmail.fr;
21205240;noirotg;NOIROT;Noirot;GAETAN;Gaetan;Gaetan.Noirot@etu.u-cergy.fr;
21201553;omoladej;OMOLADE;Omolade;JOHANNA;Johanna;Johanna.Omolade@etu.u-cergy.fr;
21102746;reyvibej;REY-VIBET;Rey-vibet;JUSTIN;Justin;Justin.Rey-vibet@etu.u-cergy.fr;
21503919;ridela;RIDEL;Ridel;ALICE;Alice;Alice.Ridel@etu.u-cergy.fr;
21104821;routiery;ROUTIER;Routier;YONI;Yoni;Yoni.Routier@etu.u-cergy.fr;
21500330;sperones;SPERONEL;Speronel;SANDY;Sandy;Sandy.Speronel@etu.u-cergy.fr;
21203288;susantp;SUSANT;Susant;PIERRE-ELIE;Pierre-elie;Pierre-elie.Susant@etu.u-cergy.fr;
20601830;boukpesp;BOUKPESSI;Boukpessi;P'DEWA;P'dewa;Pdewa.Boukpessi@etu.u-cergy.fr;
21201212;cboutelo;BOUTELOUP;Bouteloup;CLEMENT;Clement;Clement.Bouteloup@u-cergy.fr;
21524985;fcorreia;CORREIA;Correia;FLORIAN;Florian;florian.correia@etu.u-cergy.fr;
21102415;creppye;CREPPY;Creppy;EDWIN;Edwin;Edwin.Creppy@etu.u-cergy.fr;
21202950;dadal;DADA;Dada;LAURIANE;Lauriane;anna_sama@hotmail.fr;
21525094;tdenisbo;DENIS-BOSIO;Denis-bosio;THIBAULT;Thibault;thibault.denis-bosio@etu.u-cergy.fr;
21204640;nchengek;NCHENGE;Nchenge;KARL;Karl;Karl.Nchenge@etu.u-cergy.fr;
21101589;regnierv;REGNIER;REGNIER;VALENTIN;VALENTIN;valentin.regnier@etu.u-cergy.fr;
21209589;valdayrf;VALDAYRON;VALDAYRON;FLORIANE;FLORIANE;floriane.valdayron@etu.u-cergy.fr;

